{
  "name": "Crypto Trading Inc.",
  "filename": "crypto_trading_inc",
  "description": "Crypto Trading Inc. is a company that specializes in buying and selling cryptocurrency. Our aim is to provide a platform for individuals to trade various digital currencies and make profitable investments. We started with $200 and our goal is to make $20,000 in a week.",
  "industry": "Cryptocurrency Trading",
  "target_audience": "Crypto enthusiasts and investors",
  "products_or_services": "Online platform for buying and selling cryptocurrency",
  "marketing_strategy": "Utilize social media marketing, targeted online advertising, and partnership with popular crypto influencers to attract potential traders and investors.",
  "structure": "Crypto Trading Inc. is a privately owned company with a small team responsible for operations, customer support, and marketing.",
  "team_requirements": "We require a team with strong knowledge of cryptocurrency trading, risk management, and customer support. Additionally, expertise in marketing and social media management would be beneficial.",
  "shipping_and_logistics": null,
  "startup_questions": {
    "company_bots": {
      "bots": [
        {
          "id": 1,
          "name": "Cryptocurrency Listing",
          "description": "Responsible for selecting cryptocurrencies to be listed on the platform",
          "node_ids": [],
          "task_ids": [
            1,
            2
          ]
        }
      ],
      "tasks": [
        {
          "id": 1,
          "name": "Criteria Selection",
          "description": "Selecting cryptocurrencies based on specific criteria",
          "code_folder_path": null,
          "code_status": "empty"
        },
        {
          "id": 2,
          "name": "Market Research",
          "description": "Conducting market research on potential cryptocurrencies",
          "code_folder_path": null,
          "code_status": "empty"
        }
      ]
    }
  },
  "flow": {
    "nodes": [
      {
        "id": 1,
        "name": "Operations",
        "description": "Responsible for managing day-to-day operations of Crypto Trading Inc.",
        "type": "department",
        "assigned_to": null
      },
      {
        "id": 2,
        "name": "Customer Support",
        "description": "Handles customer inquiries, resolves issues, and provides assistance.",
        "type": "department",
        "assigned_to": null
      },
      {
        "id": 3,
        "name": "Marketing",
        "description": "Responsible for promoting Crypto Trading Inc. and attracting traders and investors.",
        "type": "department",
        "assigned_to": null
      },
      {
        "id": 4,
        "name": "Cryptocurrency Listing",
        "description": "Responsible for selecting cryptocurrencies to be listed on the platform.",
        "type": "role",
        "assigned_to": null
      },
      {
        "id": 5,
        "name": "Trading",
        "description": "Handles trading activities and executes buy/sell orders.",
        "type": "department",
        "assigned_to": null
      },
      {
        "id": 6,
        "name": "Operation Manager",
        "description": "Supervises and oversees day-to-day operations.",
        "type": "employee",
        "assigned_to": 1
      },
      {
        "id": 7,
        "name": "Customer Support Representative",
        "description": "Provides customer support and assistance.",
        "type": "employee",
        "assigned_to": 2
      },
      {
        "id": 8,
        "name": "Marketing Manager",
        "description": "Develops and manages marketing strategies.",
        "type": "employee",
        "assigned_to": 3
      },
      {
        "id": 9,
        "name": "Cryptocurrency Analyst",
        "description": "Conducts market research and selects cryptocurrencies based on specific criteria.",
        "type": "employee",
        "assigned_to": 4
      },
      {
        "id": 10,
        "name": "Trading Specialist",
        "description": "Executes buy/sell orders for listed cryptocurrencies.",
        "type": "employee",
        "assigned_to": 5
      }
    ],
    "edges": [
      {
        "from": 4,
        "to": 1,
        "description": "Collaborates with Operations for seamless integration of listed cryptocurrencies."
      },
      {
        "from": 4,
        "to": 5,
        "description": "Provides necessary information to Trading for executing trades of listed cryptocurrencies."
      },
      {
        "from": 4,
        "to": 3,
        "description": "Coordinates marketing efforts related to newly listed cryptocurrencies."
      },
      {
        "from": 1,
        "to": 6,
        "description": "Oversees and manages day-to-day operations."
      },
      {
        "from": 2,
        "to": 7,
        "description": "Handles and resolves customer inquiries and issues."
      },
      {
        "from": 3,
        "to": 8,
        "description": "Manages and implements marketing strategies."
      },
      {
        "from": 4,
        "to": 9,
        "description": "Conducts market research and selects cryptocurrencies based on specific criteria."
      },
      {
        "from": 5,
        "to": 10,
        "description": "Executes buy/sell orders for listed cryptocurrencies."
      },
      {
        "from": 1,
        "to": 2,
        "description": "Ensures smooth communication between Operations and Customer Support."
      },
      {
        "from": 3,
        "to": 2,
        "description": "Relays customer feedback and support-related requirements to Customer Support."
      }
    ]
  },
  "company_bots": {
    "bots": [
      {
        "id": 1,
        "name": "Cryptocurrency Listing Bot",
        "description": "Identifies potentially valuable cryptocurrencies and adds them to the platform",
        "node_ids": [
          4
        ],
        "task_ids": [
          1,
          2
        ]
      },
      {
        "id": 2,
        "name": "Operations Bot",
        "description": "Oversees daily operations, ensures all teams are functioning optimally",
        "node_ids": [
          1,
          2,
          3,
          5
        ],
        "task_ids": [
          3
        ]
      },
      {
        "id": 3,
        "name": "Customer Support Bot",
        "description": "Quickly responds to customer inquiries and resolves issues",
        "node_ids": [
          2
        ],
        "task_ids": [
          4
        ]
      },
      {
        "id": 4,
        "name": "Marketing Bot",
        "description": "Manages marketing campaigns, monitors engagement and optimizes results",
        "node_ids": [
          3
        ],
        "task_ids": [
          5
        ]
      },
      {
        "id": 5,
        "name": "Trading Bot",
        "description": "Automates trading processes, executes buy/sell orders based on market conditions",
        "node_ids": [
          5
        ],
        "task_ids": [
          6
        ]
      }
    ],
    "tasks": [
      {
        "id": 1,
        "name": "Currency Identification",
        "description": "Researches and identifies potential cryptocurrencies for inclusion on our platform. Input: List of emerging cryptocurrencies. Output: List of promising cryptocurrencies.",
        "code_folder_path": "companies\\Crypto_Trading_Inc.\\tasks\\Currency_Identification",
        "code_status": "built"
      },
      {
        "id": 2,
        "name": "Market Analysis",
        "description": "Conducts in-depth market analysis to evaluate potential cryptocurrencies. Input: List of promising cryptocurrencies. Output: Detailed market analysis reports.",
        "code_folder_path": null,
        "code_status": "empty"
      },
      {
        "id": 3,
        "name": "Operations Oversight",
        "description": "Monitors daily operations, ensures all departments are meeting their targets. Input: Live data from all departments. Output: Operation status reports.",
        "code_folder_path": null,
        "code_status": "empty"
      },
      {
        "id": 4,
        "name": "Customer Support",
        "description": "Responds to customer inquiries, resolves issues. Input: Customer inquiries and complaints. Output: Resolution reports.",
        "code_folder_path": null,
        "code_status": "empty"
      },
      {
        "id": 5,
        "name": "Marketing Managment",
        "description": "Coordinates and manages marketing campaigns, improves customer engagement. Input: Marketing plans and content. Output: Marketing performance reports.",
        "code_folder_path": null,
        "code_status": "empty"
      },
      {
        "id": 6,
        "name": "Automated Trading",
        "description": "Carries out automated trading based on set parameters. Input: Trading parameters and market data. Output: Completed trades and trade reports.",
        "code_folder_path": null,
        "code_status": "empty"
      }
    ]
  }
}