{
  "name": "CryptoBuySell",
  "filename": "CryptoBuySell_Profile",
  "description": "CryptoBuySell is a company that specializes in buying and selling cryptocurrencies. Our mission is to provide a reliable and secure platform for users to trade digital assets. With a starting capital of $200, our goal is to generate a profit of $20,000 within a week.",
  "industry": "Cryptocurrency",
  "target_audience": "Crypto enthusiasts, investors, and traders",
  "products_or_services": "Cryptocurrency trading platform",
  "marketing_strategy": "Utilize digital marketing channels, social media advertising, and partnerships with influencers to promote our platform and attract users.",
  "structure": "CryptoBuySell operates as an online marketplace for cryptocurrency trading. We provide a user-friendly interface, secure wallet storage, and real-time market data to facilitate seamless buying and selling of digital assets.",
  "team_requirements": "We are seeking individuals with expertise in blockchain technology, cryptocurrency trading, software development, and marketing. Key roles include blockchain developers, traders, customer support staff, and marketing specialists.",
  "shipping_and_logistics": null,
  "startup_questions": {
    "questions": [
      {
        "question": "What are the total departments you plan to have?",
        "answer": "We plan to have a total of 5 departments: Engineering, Marketing, Operations, Finance, and Customer Support."
      },
      {
        "question": "What are the total employees you plan to have?",
        "answer": "We plan to have a total of 50 employees including both full-time and part-time staff."
      },
      {
        "question": "What trading features will the platform offer?",
        "answer": "Our platform will offer a wide range of trading features including spot trading, futures trading, margin trading, and staking."
      },
      {
        "question": "How will you ensure the security of user funds and transactions?",
        "answer": "We prioritize the security of user funds and transactions by implementing strong encryption protocols, multi-factor authentication, cold storage for the majority of funds, regular security audits, and partnering with trusted security providers."
      },
      {
        "question": "What is your strategy for attracting and retaining users?",
        "answer": "Our strategy for attracting and retaining users involves offering competitive trading fees, a user-friendly interface, a wide selection of cryptocurrencies, regular promotions and rewards, excellent customer support, and educational resources."
      },
      {
        "question": "Will you be partnering with any existing cryptocurrency exchanges or liquidity providers?",
        "answer": "Yes, we are actively seeking partnerships with reputable cryptocurrency exchanges and liquidity providers to ensure the best trading experience for our users."
      }
    ]
  },
  "flow": {
    "nodes": [
      {
        "id": "engineering",
        "name": "Engineering",
        "description": "Responsible for developing and maintaining the trading platform",
        "type": "department",
        "assigned_to": null
      },
      {
        "id": "marketing",
        "name": "Marketing",
        "description": "Responsible for promoting the trading platform and acquiring users",
        "type": "department",
        "assigned_to": null
      },
      {
        "id": "operations",
        "name": "Operations",
        "description": "Responsible for managing the day-to-day operations of the company",
        "type": "department",
        "assigned_to": null
      },
      {
        "id": "finance",
        "name": "Finance",
        "description": "Responsible for managing the company's financial transactions and records",
        "type": "department",
        "assigned_to": null
      },
      {
        "id": "customer_support",
        "name": "Customer Support",
        "description": "Responsible for providing support to users and resolving their issues",
        "type": "department",
        "assigned_to": null
      },
      {
        "id": "blockchain_developer",
        "name": "Blockchain Developer",
        "description": "Responsible for developing and maintaining the blockchain technology behind the trading platform",
        "type": "employee",
        "assigned_to": "engineering"
      },
      {
        "id": "trader",
        "name": "Trader",
        "description": "Responsible for executing trades on the platform and analyzing market trends",
        "type": "employee",
        "assigned_to": "operations"
      },
      {
        "id": "marketing_specialist",
        "name": "Marketing Specialist",
        "description": "Responsible for creating and implementing marketing strategies to promote the platform",
        "type": "employee",
        "assigned_to": "marketing"
      },
      {
        "id": "customer_support_staff",
        "name": "Customer Support Staff",
        "description": "Responsible for providing support to users and resolving their issues",
        "type": "employee",
        "assigned_to": "customer_support"
      }
    ],
    "edges": [
      {
        "from": "engineering",
        "to": "blockchain_developer",
        "description": "Assigns blockchain development tasks"
      },
      {
        "from": "operations",
        "to": "trader",
        "description": "Assigns trading tasks and market analysis"
      },
      {
        "from": "marketing",
        "to": "marketing_specialist",
        "description": "Assigns marketing tasks and strategies"
      },
      {
        "from": "customer_support",
        "to": "customer_support_staff",
        "description": "Assigns customer support tasks"
      },
      {
        "from": "engineering",
        "to": "operations",
        "description": "Collaborates on implementing new trading features"
      },
      {
        "from": "engineering",
        "to": "customer_support",
        "description": "Provides technical support and bug fixing"
      },
      {
        "from": "marketing",
        "to": "operations",
        "description": "Shares market trends and user insights"
      },
      {
        "from": "marketing",
        "to": "finance",
        "description": "Coordinates advertising budget and ROI analysis"
      },
      {
        "from": "operations",
        "to": "finance",
        "description": "Reports financial performance and trading income"
      }
    ]
  },
  "company_bots": {
    "bots": [
      {
        "id": "bot1",
        "name": "Engineering Bot",
        "description": "Automates code reviews, manages technical debt",
        "node_ids": [
          "engineering"
        ],
        "task_ids": [
          "task1",
          "task2"
        ]
      },
      {
        "id": "bot2",
        "name": "Marketing Bot",
        "description": "Automates ad campaigns, tracks performance",
        "node_ids": [
          "marketing"
        ],
        "task_ids": [
          "task3",
          "task4"
        ]
      },
      {
        "id": "bot3",
        "name": "Operations Bot",
        "description": "Assists with trading, tracks market trends",
        "node_ids": [
          "operations"
        ],
        "task_ids": [
          "task5",
          "task6"
        ]
      },
      {
        "id": "bot4",
        "name": "Customer Support Bot",
        "description": "Answers queries, manages tickets",
        "node_ids": [
          "customer_support"
        ],
        "task_ids": [
          "task7",
          "task8"
        ]
      },
      {
        "id": "bot5",
        "name": "Finance Bot",
        "description": "Manages bookkeeping, tracks transactions",
        "node_ids": [
          "finance"
        ],
        "task_ids": [
          "task9",
          "task10"
        ]
      },
      {
        "id": "bot6",
        "name": "Researcher Bot",
        "description": "Conducts market research, trends analysis",
        "node_ids": [
          "marketing"
        ],
        "task_ids": [
          "task11"
        ]
      },
      {
        "id": "bot7",
        "name": "Developer Bot",
        "description": "Codes features, manages versions",
        "node_ids": [
          "engineering"
        ],
        "task_ids": [
          "task2",
          "task12"
        ]
      }
    ],
    "tasks": [
      {
        "id": "task1",
        "name": "Automate Code Review",
        "description": "AI review and suggest improvements",
        "code_folder_path": "companies\\CryptoBuySell\\tasks\\Automate_Code_Review",
        "code_status": "built"
      },
      {
        "id": "task2",
        "name": "Manage technical debt",
        "description": "Track and prioritize technical debt",
        "code_folder_path": null,
        "code_status": "empty"
      },
      {
        "id": "task3",
        "name": "Automate Ad Campaigns",
        "description": "ML optimizes ad campaign budget",
        "code_folder_path": null,
        "code_status": "empty"
      },
      {
        "id": "task4",
        "name": "Track Performance",
        "description": "Track marketing campaign performance",
        "code_folder_path": null,
        "code_status": "empty"
      },
      {
        "id": "task5",
        "name": "Assist Trading",
        "description": "AI prediction for market trends",
        "code_folder_path": null,
        "code_status": "empty"
      },
      {
        "id": "task6",
        "name": "Market Trend Analysis",
        "description": "Predict market trends",
        "code_folder_path": null,
        "code_status": "empty"
      },
      {
        "id": "task7",
        "name": "Customer Support",
        "description": "Answer customer queries",
        "code_folder_path": null,
        "code_status": "empty"
      },
      {
        "id": "task8",
        "name": "Customer Ticket Management",
        "description": "Manage customer support tickets",
        "code_folder_path": null,
        "code_status": "empty"
      },
      {
        "id": "task9",
        "name": "Bookkeeping",
        "description": "Track financial transactions",
        "code_folder_path": null,
        "code_status": "empty"
      },
      {
        "id": "task10",
        "name": "Financial Transaction Tracking",
        "description": "Alert on discrepancies",
        "code_folder_path": null,
        "code_status": "empty"
      },
      {
        "id": "task11",
        "name": "Market Research",
        "description": "Research on market and trends",
        "code_folder_path": null,
        "code_status": "empty"
      },
      {
        "id": "task12",
        "name": "Feature Development",
        "description": "Code and manage software versions",
        "code_folder_path": null,
        "code_status": "empty"
      }
    ]
  }
}