{
  "name": "Game On",
  "filename": "game_on_profile",
  "description": "Game On is a software company that specializes in designing simple games for mobile devices. Our focus is on creating enjoyable gaming experiences through engaging gameplay, stunning visuals, and addictive mechanics. We aim to generate revenue through in-app purchases while ensuring that our customers remain satisfied and engaged with our products.",
  "industry": "Software",
  "target_audience": "Our games are designed for casual gamers of all ages who enjoy entertaining and immersive experiences on their mobile devices.",
  "products_or_services": "We offer a diverse range of games, including puzzle games, action games, and strategy games, all of which are tailored to provide hours of entertainment and challenge for our players. Through in-app purchases, players can unlock additional levels, characters, power-ups, and other exclusive content to enhance their gaming experience.",
  "marketing_strategy": "Our marketing strategy revolves around targeted digital advertising campaigns on popular social media platforms and game distribution platforms. We also focus on leveraging influencer partnerships and positive user reviews to increase brand visibility and expand our user base.",
  "structure": "Game On operates as a lean organization, with a small and agile team of game designers, developers, artists, and marketers. Our cross-functional teams collaborate closely to develop and release high-quality games within tight timeframes.",
  "team_requirements": "We are currently looking for talented individuals with strong skills in game design, Unity development, graphics design, and digital marketing. The ideal candidates would be highly creative, detail-oriented, and experienced in working on mobile game projects. Strong communication and collaboration skills are also essential.",
  "shipping_and_logistics": "As a software company, we do not have shipping and logistics requirements. Our games are distributed digitally through mobile app stores and game distribution platforms.",
  "startup_questions": {
    "questions": [
      {
        "question": "What are the key features and gameplay mechanics of our games?",
        "answer": "Our games feature immersive graphics, engaging storylines, and unique gameplay mechanics that keep players entertained for hours."
      },
      {
        "question": "How can we monetize our games through in-app purchases effectively?",
        "answer": "We can offer attractive in-app purchase options such as power-ups, extra lives, and exclusive content to drive revenue."
      },
      {
        "question": "What platforms and app stores should we prioritize for game distribution?",
        "answer": "We should prioritize popular platforms such as iOS and Android, and major app stores like the App Store and Google Play."
      },
      {
        "question": "How can we optimize user acquisition and retention strategies?",
        "answer": "We can optimize user acquisition through targeted advertising campaigns and improve retention by offering regular content updates and rewards."
      },
      {
        "question": "What marketing channels should we focus on to reach our target audience?",
        "answer": "We should focus on social media advertising, influencer partnerships, and app store optimization (ASO) to reach our target audience effectively."
      },
      {
        "question": "What collaboration opportunities exist with other game developers or brands?",
        "answer": "We can explore collaboration opportunities with popular game developers and brands to cross-promote games or create co-branded content."
      },
      {
        "question": "How can we ensure the long-term success and sustainability of our business?",
        "answer": "By fostering a strong community, continuously improving game quality, and adapting to market trends, we can ensure the long-term success and sustainability of our business."
      },
      {
        "question": "What are the total departments we plan to have?",
        "answer": "We plan to have the following departments: game development, marketing, finance, customer support, and human resources."
      },
      {
        "question": "What are the total employees we plan to have?",
        "answer": "We plan to have approximately 50 employees, including game developers, marketers, finance professionals, customer support representatives, and HR personnel."
      }
    ]
  },
  "flow": {
    "nodes": [
      {
        "id": "game_dev",
        "name": "Game Development",
        "description": "Responsible for designing and developing games.",
        "type": "department",
        "assigned_to": "Game On"
      },
      {
        "id": "marketing",
        "name": "Marketing",
        "description": "Responsible for promoting and marketing games.",
        "type": "department",
        "assigned_to": "Game On"
      },
      {
        "id": "finance",
        "name": "Finance",
        "description": "Responsible for financial management and planning.",
        "type": "department",
        "assigned_to": "Game On"
      },
      {
        "id": "customer_support",
        "name": "Customer Support",
        "description": "Responsible for addressing customer inquiries and resolving issues.",
        "type": "department",
        "assigned_to": "Game On"
      },
      {
        "id": "human_resources",
        "name": "Human Resources",
        "description": "Responsible for managing employee recruitment, onboarding, and development.",
        "type": "department",
        "assigned_to": "Game On"
      }
    ],
    "edges": [
      {
        "from": "game_dev",
        "to": "marketing",
        "description": "Collaboration for game promotion and marketing material creation."
      },
      {
        "from": "marketing",
        "to": "finance",
        "description": "Budget allocation for marketing campaigns."
      },
      {
        "from": "customer_support",
        "to": "game_dev",
        "description": "Feedback loop for game improvements and bug fixes."
      },
      {
        "from": "human_resources",
        "to": "game_dev",
        "description": "Recruitment and onboarding of game developers."
      }
    ]
  },
  "company_bots": {
    "bots": [
      {
        "id": "bot1",
        "name": "Game Development Bot",
        "description": "This bot is designed to help in the development of games, ensuring efficient workflow and providing essential tools for quality assurance.",
        "node_ids": [
          "game_dev"
        ],
        "task_ids": [
          "task1",
          "task2"
        ]
      },
      {
        "id": "bot2",
        "name": "Marketing Bot",
        "description": "This bot facilitates marketing operations, supporting digital advertising campaigns and fostering influencer partnerships.",
        "node_ids": [
          "marketing"
        ],
        "task_ids": [
          "task3",
          "task4"
        ]
      },
      {
        "id": "bot3",
        "name": "Finance Bot",
        "description": "This bot aids in the management and planning of finance, assisting with budget allocation and financial forecasting.",
        "node_ids": [
          "finance"
        ],
        "task_ids": [
          "task5",
          "task6"
        ]
      },
      {
        "id": "bot4",
        "name": "Customer Support Bot",
        "description": "This bot plays a crucial role in addressing customer inquiries and resolving issues, ensuring customer satisfaction and brand loyalty.",
        "node_ids": [
          "customer_support"
        ],
        "task_ids": [
          "task7",
          "task8"
        ]
      },
      {
        "id": "bot5",
        "name": "Human Resources Bot",
        "description": "This bot streamlines the process of employee recruitment, onboarding, and development, promising a talented and satisfied workforce.",
        "node_ids": [
          "human_resources"
        ],
        "task_ids": [
          "task9",
          "task10"
        ]
      }
    ],
    "tasks": [
      {
        "id": "task1",
        "name": "Game Development Tool",
        "description": "Inputs: game design details. Outputs: efficient workflow and QA tools",
        "code_folder_path": "companies\\Game_On\\tasks\\Game_Development_Tool",
        "code_status": "built"
      },
      {
        "id": "task2",
        "name": "Game Feedback Tool",
        "description": "Inputs: user feedback. Outputs: Improvement suggestions for game",
        "code_folder_path": "companies\\Game_On\\tasks\\Game_Feedback_Tool",
        "code_status": "built"
      },
      {
        "id": "task3",
        "name": "Advertising Support Tool",
        "description": "Inputs: advertising details. Outputs: Optimized ad campaigns",
        "code_folder_path": null,
        "code_status": "empty"
      },
      {
        "id": "task4",
        "name": "Influencer Partnership Tool",
        "description": "Inputs: influencer details. Outputs: Effective influencer partnerships",
        "code_folder_path": null,
        "code_status": "empty"
      },
      {
        "id": "task5",
        "name": "Financial Management Tool",
        "description": "Inputs: finance details. Outputs: Efficient budget allocation",
        "code_folder_path": null,
        "code_status": "empty"
      },
      {
        "id": "task6",
        "name": "Financial Forecasting Tool",
        "description": "Inputs: historical financial data. Outputs: Accurate financial forecasts",
        "code_folder_path": null,
        "code_status": "empty"
      },
      {
        "id": "task7",
        "name": "Customer Service Tool",
        "description": "Inputs: customer inquiries. Outputs: Prompt customer resolutions",
        "code_folder_path": null,
        "code_status": "empty"
      },
      {
        "id": "task8",
        "name": "Customer Retention Tool",
        "description": "Inputs: customer insights. Outputs: Strategies for customer retention",
        "code_folder_path": null,
        "code_status": "empty"
      },
      {
        "id": "task9",
        "name": "Recruitment Tool",
        "description": "Inputs: recruitment needs. Outputs: Efficient recruitment process",
        "code_folder_path": null,
        "code_status": "empty"
      },
      {
        "id": "task10",
        "name": "Employee Development Tool",
        "description": "Inputs: employee details. Outputs: Robust development plans",
        "code_folder_path": null,
        "code_status": "empty"
      }
    ]
  }
}